date,Alabama,Alaska,Arizona,ARKANSAS,CALIFORNIA,COLORADO,CONNECTICUT,DELAWARE,DISTRICT OF COLUMBIA,FLORIDA,GEORGIA,GUAM,HAWAII,IDAHO,ILLINOIS,INDIANA,IOWA,KANSAS,KENTUCKY,LOUISIANA,MAINE,MARYLAND,MASSACHUSETTS,MICHIGAN,MINNESOTA,MISSISSIPPI,MISSOURI,MONTANA,NEBRASKA,NEVADA,NEW HAMPSHIRE,NEW JERSEY,NEW MEXICO,NEW YORK,NEW YORK CITY,NORTH CAROLINA,NORTH DAKOTA,OHIO,OKLAHOMA,OREGON,PENNSYLVANIA,PUERTO RICO,Rhode Island,SOUTH CAROLINA,SOUTH DAKOTA,TENNESSEE,TEXAS,UTAH,VERMONT,VIRGINIA,WASHINGTON,WEST VIRGINIA,WISCONSIN,WYOMING
1/22/2020,0,0,0,0,0,0,0,0,0,0,0,0,0,0,0,0,0,0,0,0,0,0,0,0,0,0,0,0,0,0,0,0,0,0,0,0,0,0,0,0,0,0,0,0,0,0,0,0,0,0,1,0,0,0
1/23/2020,0,0,0,0,0,0,0,0,0,0,0,0,0,0,0,0,0,0,0,0,0,0,0,0,0,0,0,0,0,0,0,0,0,0,0,0,0,0,0,0,0,0,0,0,0,0,0,0,0,0,0,0,0,0
1/24/2020,0,0,0,0,0,0,0,0,0,0,0,0,0,0,1,0,0,0,0,0,0,0,0,0,0,0,0,0,0,0,0,0,0,0,0,0,0,0,0,0,0,0,0,0,0,0,0,0,0,0,0,0,0,0
1/25/2020,0,0,0,0,0,0,0,0,0,0,0,0,0,0,0,0,0,0,0,0,0,0,0,0,0,0,0,0,0,0,0,0,0,0,0,0,0,0,0,0,0,0,0,0,0,0,0,0,0,0,0,0,0,0
1/26/2020,0,0,1,0,2,0,0,0,0,0,0,0,0,0,0,0,0,0,0,0,0,0,0,0,0,0,0,0,0,0,0,0,0,0,0,0,0,0,0,0,0,0,0,0,0,0,0,0,0,0,0,0,0,0
1/27/2020,0,0,0,0,0,0,0,0,0,0,0,0,0,0,0,0,0,0,0,0,0,0,0,0,0,0,0,0,0,0,0,0,0,0,0,0,0,0,0,0,0,0,0,0,0,0,0,0,0,0,0,0,0,0
1/28/2020,0,0,0,0,0,0,0,0,0,0,0,0,0,0,0,0,0,0,0,0,0,0,0,0,0,0,0,0,0,0,0,0,0,0,0,0,0,0,0,0,0,0,0,0,0,0,0,0,0,0,0,0,0,0
1/29/2020,0,0,0,0,0,0,0,0,0,0,0,0,0,0,0,0,0,0,0,0,0,0,0,0,0,0,0,0,0,0,0,0,0,0,0,0,0,0,0,0,0,0,0,0,0,0,0,0,0,0,0,0,0,0
1/30/2020,0,0,0,0,0,0,0,0,0,0,0,0,0,0,0,0,0,0,0,0,0,0,0,0,0,0,0,0,0,0,0,0,0,0,0,0,0,0,0,0,0,0,0,0,0,0,0,0,0,0,0,0,0,0
1/31/2020,0,0,0,0,1,0,0,0,0,0,0,0,0,0,1,0,0,0,0,0,0,0,0,0,0,0,0,0,0,0,0,0,0,0,0,0,0,0,0,0,0,0,0,0,0,0,0,0,0,0,0,0,0,0
2/1/2020,0,0,0,0,0,0,0,0,0,0,0,0,0,0,0,0,0,0,0,0,0,0,1,0,0,0,0,0,0,0,0,0,0,0,0,0,0,0,0,0,0,0,0,0,0,0,0,0,0,0,0,0,0,0
2/2/2020,0,0,0,0,0,0,0,0,0,0,0,0,0,0,0,0,0,0,0,0,0,0,0,0,0,0,0,0,0,0,0,0,0,0,0,0,0,0,0,0,0,0,0,0,0,0,0,0,0,0,0,0,0,0
2/3/2020,0,0,0,0,3,0,0,0,0,0,0,0,0,0,0,0,0,0,0,0,0,0,0,0,0,0,0,0,0,0,0,0,0,0,0,0,0,0,0,0,0,0,0,0,0,0,0,0,0,0,0,0,0,0
2/4/2020,0,0,0,0,0,0,0,0,0,0,0,0,0,0,0,0,0,0,0,0,0,0,0,0,0,0,0,0,0,0,0,0,0,0,0,0,0,0,0,0,0,0,0,0,0,0,0,0,0,0,0,0,0,0
2/5/2020,0,0,0,0,0,0,0,0,0,0,0,0,0,0,0,0,0,0,0,0,0,0,0,0,0,0,0,0,0,0,0,0,0,0,0,0,0,0,0,0,0,0,0,0,0,0,0,0,0,0,0,0,0,0
2/6/2020,0,0,0,0,0,0,0,0,0,0,0,0,0,0,0,0,0,0,0,0,0,0,0,0,0,0,0,0,0,0,0,0,0,0,0,0,0,0,0,0,0,0,0,0,0,0,0,0,0,0,0,0,0,0
2/7/2020,0,0,0,0,0,0,0,0,0,0,0,0,0,0,0,0,0,0,0,0,0,0,0,0,0,0,0,0,0,0,0,0,0,0,0,0,0,0,0,0,0,0,0,0,0,0,0,0,0,0,0,0,0,0
2/8/2020,0,0,0,0,0,0,0,0,0,0,0,0,0,0,0,0,0,0,0,0,0,0,0,0,0,0,0,0,0,0,0,0,0,0,0,0,0,0,0,0,0,0,0,0,0,0,0,0,0,0,0,0,0,0
2/9/2020,0,0,0,0,0,0,0,0,0,0,0,0,0,0,0,0,0,0,0,0,0,0,0,0,0,0,0,0,0,0,0,0,0,0,0,0,0,0,0,0,0,0,0,0,0,0,0,0,0,0,0,0,0,0
2/10/2020,0,0,0,0,0,0,0,0,0,0,0,0,0,0,0,0,0,0,0,0,0,0,0,0,0,0,0,0,0,0,0,0,0,0,0,0,0,0,0,0,0,0,0,0,0,0,0,0,0,0,0,0,0,0
2/11/2020,0,0,0,0,1,0,0,0,0,0,0,0,0,0,0,0,0,0,0,0,0,0,0,0,0,0,0,0,0,0,0,0,0,0,0,0,0,0,0,0,0,0,0,0,0,0,0,0,0,0,0,0,0,0
2/12/2020,0,0,0,0,0,0,0,0,0,0,0,0,0,0,0,0,0,0,0,0,0,0,0,0,0,0,0,0,0,0,0,0,0,0,0,0,0,0,0,0,0,0,0,0,0,0,0,0,0,0,0,0,0,0
2/13/2020,0,0,0,0,1,0,0,0,0,0,0,0,0,0,0,0,0,0,0,0,0,0,0,0,0,0,0,0,0,0,0,0,0,0,0,0,0,0,0,0,0,0,0,0,0,0,0,0,0,0,0,0,0,0
2/14/2020,0,0,0,0,0,0,0,0,0,0,0,0,0,0,0,0,0,0,0,0,0,0,0,0,0,0,0,0,0,0,0,0,0,0,0,0,0,0,0,0,0,0,0,0,0,0,0,0,0,0,0,0,0,0
2/15/2020,0,0,0,0,0,0,0,0,0,0,0,0,0,0,0,0,0,0,0,0,0,0,0,0,0,0,0,0,0,0,0,0,0,0,0,0,0,0,0,0,0,0,0,0,0,0,0,0,0,0,0,0,0,0
2/16/2020,0,0,0,0,0,0,0,0,0,0,0,0,0,0,0,0,0,0,0,0,0,0,0,0,0,0,0,0,0,0,0,0,0,0,0,0,0,0,0,0,0,0,0,0,0,0,0,0,0,0,0,0,0,0
2/17/2020,0,0,0,0,0,0,0,0,0,0,0,0,0,0,0,0,0,0,0,0,0,0,0,0,0,0,0,0,0,0,0,0,0,0,0,0,0,0,0,0,0,0,0,0,0,0,0,0,0,0,0,0,0,0
2/18/2020,0,0,0,0,0,0,0,0,0,0,0,0,0,0,0,0,0,0,0,0,0,0,0,0,0,0,0,0,0,0,0,0,0,0,0,0,0,0,0,0,0,0,0,0,0,0,0,0,0,0,0,0,0,0
2/19/2020,0,0,0,0,0,0,0,0,0,0,0,0,0,0,0,0,0,0,0,0,0,0,0,0,0,0,0,0,0,0,0,0,0,0,0,0,0,0,0,0,0,0,0,0,0,0,0,0,0,0,0,0,0,0
2/20/2020,0,0,0,0,0,0,0,0,0,0,0,0,0,0,0,0,0,0,0,0,0,0,0,0,0,0,0,0,0,0,0,0,0,0,0,0,0,0,0,0,0,0,0,0,0,0,0,0,0,0,0,0,0,0
2/21/2020,0,0,0,0,2,0,0,0,0,0,0,0,0,0,0,0,0,0,0,0,0,0,0,0,0,0,0,0,0,0,0,0,0,0,0,0,0,0,0,0,0,0,0,0,0,0,0,0,0,0,0,0,0,0
2/22/2020,0,0,0,0,0,0,0,0,0,0,0,0,0,0,0,0,0,0,0,0,0,0,0,0,0,0,0,0,0,0,0,0,0,0,0,0,0,0,0,0,0,0,0,0,0,0,0,0,0,0,0,0,0,0
2/23/2020,0,0,0,0,0,0,0,0,0,0,0,0,0,0,0,0,0,0,0,0,0,0,0,0,0,0,0,0,0,0,0,0,0,0,0,0,0,0,0,0,0,0,0,0,0,0,0,0,0,0,0,0,0,0
2/24/2020,0,0,0,0,0,0,0,0,0,0,0,0,0,0,0,0,0,0,0,0,0,0,0,0,0,0,0,0,0,0,0,0,0,0,0,0,0,0,0,0,0,0,0,0,0,0,0,0,0,0,0,0,0,0
2/25/2020,0,0,0,0,0,0,0,0,0,0,0,0,0,0,0,0,0,0,0,0,0,0,0,0,0,0,0,0,0,0,0,0,0,0,0,0,0,0,0,0,0,0,0,0,0,0,0,0,0,0,0,0,0,0
2/26/2020,0,0,0,0,0,0,0,0,0,0,0,0,0,0,0,0,0,0,0,0,0,0,0,0,0,0,0,0,0,0,0,0,0,0,0,0,0,0,0,0,0,0,0,0,0,0,0,0,0,0,0,0,0,0
2/27/2020,0,0,0,0,1,0,0,0,0,0,0,0,0,0,0,0,0,0,0,0,0,0,0,0,0,0,0,0,0,0,0,0,0,0,0,0,0,0,0,0,0,0,0,0,0,0,0,0,0,0,0,0,0,0
2/28/2020,0,0,0,0,0,0,0,0,0,0,0,0,0,0,0,0,0,0,0,0,0,0,0,0,0,0,0,0,0,0,0,0,0,0,0,0,0,0,0,0,0,0,0,0,0,0,0,0,0,0,0,0,0,0
2/29/2020,0,0,0,0,1,0,0,0,0,0,2,0,0,0,0,0,0,0,0,0,0,0,0,0,0,0,0,0,0,0,0,0,0,0,0,0,0,0,0,1,0,0,0,0,0,0,0,0,0,0,6,0,0,0
3/1/2020,0,0,0,0,0,0,0,0,0,0,0,0,0,0,1,0,0,0,0,0,0,0,0,0,0,0,0,0,0,0,0,0,0,0,0,0,0,0,0,0,0,0,1,0,0,0,0,0,0,0,4,0,0,0
3/2/2020,0,0,0,0,9,0,0,0,0,1,1,0,0,0,1,0,0,0,0,0,0,0,0,0,0,0,0,0,0,0,1,0,0,0,1,1,0,0,0,2,0,0,1,0,0,0,0,0,0,0,7,0,0,0
3/3/2020,0,0,1,0,8,0,0,0,0,1,2,0,0,0,0,0,0,0,0,0,0,0,1,0,0,0,0,0,0,0,1,0,0,0,0,0,0,0,0,0,0,0,0,0,0,0,0,0,0,0,9,0,1,0
3/4/2020,0,0,0,0,7,0,0,0,0,0,2,0,0,0,0,0,0,0,0,0,0,0,0,0,0,0,0,0,0,0,0,0,0,1,0,0,0,0,0,0,0,0,0,0,0,0,0,0,0,0,12,0,0,0
3/5/2020,0,0,1,0,9,1,0,0,0,1,0,0,1,0,1,0,0,0,0,0,0,3,0,0,0,0,0,0,0,1,0,2,0,11,1,0,0,0,0,0,0,0,0,0,0,1,3,0,0,0,31,0,0,0
3/6/2020,0,0,0,0,11,1,0,0,0,0,6,0,0,0,1,1,0,0,0,0,0,0,5,0,1,0,0,0,1,0,0,2,0,9,0,0,0,0,0,0,2,0,0,0,0,0,2,0,0,0,9,0,0,0
3/7/2020,0,0,2,0,0,6,0,0,1,3,3,0,0,0,0,0,0,0,1,0,0,0,2,0,0,0,1,0,1,1,0,2,0,7,0,0,0,0,1,4,2,0,1,2,0,0,0,0,0,0,23,0,0,0
3/8/2020,0,0,0,0,54,0,1,0,0,0,6,0,1,0,1,1,3,1,0,0,0,0,19,0,1,0,0,0,0,1,2,0,0,0,10,0,0,0,0,7,2,0,0,4,0,0,1,1,1,2,34,0,0,0
3/9/2020,0,0,1,0,25,4,0,0,1,13,9,0,0,0,4,1,5,0,0,1,0,6,0,0,0,0,0,0,2,1,0,2,0,97,5,1,0,0,0,0,4,0,0,1,0,0,7,0,0,3,26,0,0,0
3/10/2020,0,0,2,0,17,5,1,0,0,0,13,0,0,0,8,2,5,0,3,0,0,0,63,2,2,0,0,0,0,1,1,7,0,12,19,5,0,3,1,1,2,0,2,2,5,6,2,1,0,3,105,0,2,0
3/11/2020,0,0,1,1,23,17,1,1,0,7,16,0,0,0,8,4,1,0,0,7,0,3,4,0,1,0,0,1,1,2,0,8,3,27,17,0,0,0,0,4,4,0,0,1,3,2,8,1,0,7,99,0,2,0
3/12/2020,0,0,0,5,49,15,4,3,0,5,33,0,0,0,5,3,2,3,7,6,1,0,13,1,5,1,0,0,5,4,1,6,2,66,42,4,1,2,1,5,7,0,0,2,0,9,1,1,1,14,91,0,3,1
3/13/2020,1,1,1,3,40,0,0,1,1,0,27,0,2,0,0,0,0,2,0,19,0,0,1,10,4,0,1,0,0,0,0,1,0,37,0,4,0,0,2,0,6,0,0,0,1,8,12,2,0,0,111,0,1,0
3/14/2020,0,0,2,3,47,0,0,3,0,24,24,0,3,1,0,0,0,1,4,0,4,0,0,12,0,5,0,0,0,0,0,14,2,44,55,8,0,0,0,0,18,0,4,0,0,0,7,0,1,0,74,0,10,1
3/15/2020,21,0,1,4,58,95,19,0,14,81,52,3,3,4,61,7,6,1,5,68,9,25,55,28,40,4,3,6,8,5,7,54,10,89,119,9,0,32,4,15,16,2,12,16,0,13,8,15,1,22,66,0,8,1
3/16/2020,7,0,5,1,78,16,15,0,5,6,49,2,1,0,12,5,1,3,2,36,5,20,33,1,6,2,3,0,0,29,4,80,4,87,75,1,0,13,1,8,13,0,2,5,1,13,6,8,4,16,61,0,26,0
3/17/2020,10,2,0,7,149,23,27,8,9,53,43,0,5,0,55,6,6,5,4,53,13,28,21,11,17,22,5,4,3,10,9,89,2,243,1527,7,4,17,9,18,20,0,0,14,1,21,7,0,2,1,161,1,35,8
3/18/2020,12,3,9,13,56,33,28,10,8,104,95,3,6,5,128,9,9,5,9,71,12,22,38,15,12,16,11,1,6,8,13,160,5,313,1683,22,2,21,12,10,37,0,10,13,0,25,19,11,2,26,257,1,18,5
3/19/2020,27,3,17,27,330,61,63,4,32,94,115,4,17,13,134,17,6,14,8,131,8,42,72,254,26,30,4,3,0,32,5,315,7,640,1597,35,12,31,18,13,52,0,11,21,3,56,60,28,4,20,189,3,49,2
3/20/2020,28,3,19,36,322,86,35,9,6,117,122,2,10,8,163,23,1,9,5,145,4,0,85,215,0,0,45,6,11,14,11,148,8,1011,0,40,7,50,0,26,84,12,10,44,0,74,258,34,13,0,148,3,51,4
3/21/2020,25,2,41,18,230,112,29,6,21,196,86,0,10,11,168,47,23,11,39,226,14,41,112,238,22,60,17,6,4,45,10,437,14,1451,1060,47,2,78,4,23,102,7,12,48,0,143,106,23,20,38,269,4,75,2
3/22/2020,26,8,48,46,175,116,104,11,18,231,155,13,20,5,296,75,22,9,16,272,23,98,121,248,99,109,16,7,8,36,13,587,8,1978,2834,71,2,104,14,24,108,2,31,22,7,134,0,44,3,102,203,4,100,0
3/23/2020,39,14,101,33,222,129,88,31,21,204,221,3,14,4,236,58,15,18,21,137,16,0,131,293,26,71,77,3,2,55,23,930,18,2447,4074,42,2,91,14,30,165,8,9,103,7,110,0,111,23,36,225,4,35,2
3/24/2020,46,6,73,33,580,201,203,17,46,232,182,0,9,20,250,106,19,16,39,216,9,61,382,463,25,57,72,11,1,33,7,831,17,2191,2478,101,5,122,25,18,207,8,18,44,2,52,208,18,20,101,248,19,41,4
3/25/2020,144,17,75,76,471,165,257,15,48,488,281,8,17,52,330,112,21,0,35,558,29,231,679,503,59,108,101,17,11,43,29,727,12,2194,4414,106,8,140,117,57,277,12,8,82,11,117,259,48,28,69,111,12,128,14
3/26/2020,145,10,107,43,795,344,137,24,36,491,303,9,17,66,673,168,34,70,50,359,8,194,579,562,53,94,146,25,9,214,21,2474,24,2910,3101,132,13,163,25,50,560,13,56,32,5,173,422,56,33,144,627,25,122,11
3/27/2020,108,16,157,37,953,304,279,22,37,702,524,4,35,41,488,336,56,34,54,441,13,0,823,801,0,0,168,31,16,86,29,1949,55,3372,3585,128,10,270,74,98,531,15,15,83,12,246,335,64,28,0,516,20,135,18
3/28/2020,81,17,108,23,529,327,233,49,38,823,225,4,28,31,465,251,63,59,92,569,43,218,1017,993,42,84,168,26,19,117,27,2299,17,3315,4059,171,26,269,55,65,533,21,36,121,10,170,321,122,27,135,587,17,147,11
3/29/2020,110,12,146,34,480,246,469,18,59,891,243,3,31,49,1105,282,38,58,45,225,42,247,698,836,135,184,65,26,12,182,44,2262,29,3193,2718,232,4,247,104,69,642,27,55,114,22,164,500,201,24,281,196,11,0,3
3/30/2020,117,5,238,61,1170,320,578,32,94,721,389,2,22,105,461,272,88,49,41,485,50,421,797,1012,0,90,128,11,25,124,56,3250,44,3299,4613,140,11,280,0,58,693,47,185,151,11,297,325,17,21,0,390,21,232,8
3/31/2020,52,14,132,56,1222,339,557,55,0,1001,1012,11,31,110,937,373,73,60,111,1212,0,0,868,1117,113,136,296,19,32,69,53,2060,34,3612,3684,191,17,266,84,84,756,65,41,158,7,405,389,128,37,464,0,17,130,25
4/1/2020,107,10,124,54,24,376,429,49,91,1005,570,6,28,144,986,406,52,54,89,1187,41,325,1118,1719,53,104,254,25,37,166,48,3559,48,3617,6691,86,21,348,154,46,962,47,46,210,21,1,731,78,28,222,423,29,199,17
4/2/2020,164,4,185,65,1036,386,267,25,67,1199,637,5,28,222,715,474,65,70,90,2726,32,346,1228,1457,47,181,253,16,41,179,64,3335,40,4299,1245,273,12,355,160,90,1211,30,115,261,36,605,672,153,17,306,364,26,180,13
4/3/2020,265,10,171,59,2833,445,1091,57,104,1231,488,2,39,122,1209,418,85,68,61,1147,56,427,1436,1879,0,0,279,18,30,56,61,4305,92,5132,6582,236,14,410,109,73,1405,62,30,146,22,35,661,81,51,0,1283,20,186,16
4/4/2020,98,14,250,5,2,392,361,143,145,1248,422,9,23,64,1453,496,87,78,86,2199,24,367,1334,1555,76,97,178,19,38,228,81,4229,48,4694,4561,309,13,427,171,100,1596,74,95,217,25,223,780,182,72,395,625,45,196,21
4/5/2020,208,14,250,110,1412,385,399,80,96,788,296,17,15,24,899,458,82,115,38,514,14,920,764,1493,121,283,76,19,44,94,48,3381,81,4082,4105,183,21,304,91,69,1493,23,116,132,28,530,702,177,51,471,0,42,155,13
4/6/2020,165,6,187,62,898,222,1231,110,99,1253,739,1,18,69,1006,533,78,32,53,1857,29,326,1337,1503,83,177,355,20,45,117,46,3585,62,17844,3821,285,18,407,77,64,1470,38,248,183,48,170,464,111,31,455,345,21,173,12
4/7/2020,191,22,119,78,1529,257,875,145,114,1088,1562,11,22,40,1287,563,102,55,141,1417,20,1158,1365,1749,85,88,315,12,66,134,32,3326,108,0,8100,351,12,332,145,49,1579,60,244,185,32,336,986,88,32,312,1364,67,138,9
4/8/2020,302,13,151,78,1092,226,1000,188,229,932,1130,1,21,22,1529,436,97,176,197,746,18,656,1365,1376,88,257,290,20,45,231,41,3021,71,5616,4927,205,14,366,52,58,1680,47,36,135,73,223,1091,112,30,397,415,0,178,9
4/9/2020,339,9,292,56,1352,547,1003,93,83,1089,613,5,9,121,1344,408,125,30,106,1253,23,783,2374,1158,94,209,212,13,54,138,31,3590,124,5397,2360,225,18,364,160,82,1989,63,489,240,54,273,877,145,23,467,511,111,129,9
4/10/2020,170,11,94,75,1163,163,347,117,137,1125,934,2,11,43,1465,556,118,135,241,970,23,0,1904,1058,0,0,260,0,71,128,66,3561,102,5218,8593,257,9,366,110,50,1752,42,76,273,89,228,1441,41,51,0,279,51,183,14
4/11/2020,254,11,281,32,1143,528,1379,153,118,997,419,3,20,11,1293,528,122,38,147,761,33,726,3073,1291,178,173,225,12,56,116,44,3563,83,4022,5552,404,15,372,74,76,1676,63,334,142,90,0,890,104,32,568,337,17,153,8
4/12/2020,321,15,146,73,1179,410,525,146,97,892,157,0,14,51,1672,493,77,98,123,581,17,1242,1557,785,107,300,136,17,110,136,56,3699,71,3336,4900,208,15,268,102,80,1177,109,316,112,104,445,923,132,16,670,187,20,120,9
4/13/2020,220,5,163,103,554,388,1346,136,80,1057,1086,2,4,28,1173,308,123,0,85,421,65,536,1392,997,74,145,228,4,57,135,35,2734,100,2782,3605,296,23,457,99,57,1366,6,311,120,138,302,422,54,21,424,127,15,87,103
4/14/2020,150,8,104,88,990,250,608,165,103,590,844,0,6,0,1222,291,189,101,162,502,36,560,1296,1366,114,273,298,6,30,117,71,4240,62,3475,3278,208,10,305,140,49,1146,20,393,114,300,213,718,61,2,329,156,68,127,121
4/15/2020,288,8,156,85,1086,339,766,88,139,881,686,0,11,101,1346,428,96,17,81,433,36,752,1755,1058,53,264,209,11,51,123,48,2206,77,3734,5982,99,24,511,54,30,1145,51,160,103,0,13,868,184,9,389,89,24,166,0
4/16/2020,163,7,272,52,1758,302,1129,61,153,809,989,0,9,22,1140,587,146,94,138,581,26,788,2263,1204,151,169,216,7,114,110,72,4287,113,3661,1492,342,28,623,96,73,1245,69,440,275,143,426,963,123,9,602,369,21,154,8
4/17/2020,168,9,273,67,1346,465,925,248,126,1392,908,1,20,46,1842,612,191,172,93,586,31,0,2221,689,161,0,172,0,72,203,76,3150,114,3152,4583,394,46,693,106,49,1707,25,208,155,100,68,916,45,11,562,293,36,170,11
4/18/2020,151,5,212,75,1435,386,741,215,190,731,352,0,8,13,1585,487,181,51,185,462,20,736,1970,765,39,181,234,4,149,102,55,2969,87,3258,5874,281,89,1115,105,59,1628,50,314,160,131,433,889,141,24,0,357,50,154,11
4/19/2020,223,5,210,4,0,201,412,207,127,801,505,0,4,4,1197,569,389,38,253,348,20,1376,1705,707,257,538,150,7,187,102,50,3865,47,2802,1766,353,57,1380,29,66,1214,95,215,131,93,33,663,205,9,937,0,38,147,3
4/20/2020,478,2,135,183,2015,385,1853,0,134,731,843,0,2,64,1151,476,257,137,90,595,8,509,1566,576,97,204,140,4,174,102,55,3505,126,2356,5086,271,42,1317,81,46,948,0,384,62,50,443,535,108,4,640,295,39,153,2
4/21/2020,244,8,187,298,2283,349,545,455,171,798,612,0,6,30,1551,411,482,39,142,331,13,582,1556,967,154,0,134,2,74,107,44,3581,101,1659,3561,187,17,806,127,46,1296,0,626,169,69,155,738,110,2,0,197,12,121,13
4/22/2020,163,6,208,19,2135,457,2109,108,108,664,897,2,5,36,2049,341,107,186,181,463,19,962,1745,999,0,437,196,3,91,144,97,3478,138,2419,0,269,35,392,87,57,1156,0,296,153,104,178,873,171,5,1368,212,49,225,6
4/23/2020,240,2,310,184,1973,357,631,134,155,1052,931,2,3,34,1826,601,176,271,108,481,30,879,3079,1325,464,281,184,2,311,127,82,4124,169,2821,7704,388,30,577,123,68,1369,203,244,156,98,709,875,182,2,596,259,18,207,6
4/24/2020,0,2,276,345,1885,1002,821,0,167,864,681,1,2,34,2724,641,521,295,298,342,28,0,4946,1336,0,0,304,0,297,190,50,2207,142,3512,0,444,39,475,104,50,1599,0,443,153,84,461,862,60,2,772,224,29,304,20
4/25/2020,187,0,235,99,1883,684,661,134,171,289,686,0,2,17,2119,715,647,279,126,372,25,1150,2379,557,261,284,201,1,311,141,67,3327,139,5913,4437,571,55,418,72,76,1397,0,430,183,107,140,967,166,16,0,342,15,331,18
4/26/2020,414,2,246,32,1027,482,687,586,142,684,271,1,1,10,2126,617,383,118,169,320,33,1721,1590,594,156,376,171,4,296,63,77,3515,66,2757,2628,207,64,376,60,58,1116,0,310,237,65,816,858,266,8,1169,202,28,224,11
4/27/2020,0,4,190,114,1300,448,728,413,51,610,774,2,1,20,1980,949,393,154,72,279,17,626,1524,432,579,248,174,2,330,88,74,2150,97,1720,2896,312,75,362,27,43,885,18,269,123,33,254,666,93,4,804,165,24,170,18
4/28/2020,408,6,232,66,1567,440,315,80,102,696,582,1,4,35,2219,627,508,163,229,218,16,736,1840,1052,464,227,132,0,16,122,72,2668,151,1261,1613,426,49,444,130,31,1214,11,218,122,68,135,874,116,7,622,156,18,208,16
4/29/2020,158,4,254,71,1469,437,455,79,112,332,854,0,4,32,2253,594,467,247,164,374,39,893,1963,1137,491,0,122,0,410,86,44,2408,239,2082,2152,380,42,534,63,61,1102,33,321,146,60,45,883,182,0,885,228,14,231,8
4/30/2020,201,0,446,63,2417,507,933,0,217,1372,537,1,1,31,2563,653,302,500,169,341,28,1730,1940,980,0,643,137,2,497,109,92,2388,198,2044,2347,561,34,724,145,64,1397,106,374,214,76,603,1033,148,4,1055,257,16,334,15
5/1/2020,0,9,314,55,1525,486,1064,184,335,1038,935,0,0,20,3137,795,739,211,171,667,0,0,2106,977,594,0,273,0,557,220,164,2538,102,1730,2293,414,40,716,130,69,1208,36,341,163,76,1156,1142,75,13,0,310,26,460,7
5/2/2020,317,1,402,62,1755,452,523,120,139,735,381,2,0,26,2450,665,757,297,0,429,29,1001,1952,851,498,229,319,2,488,84,119,2527,219,1999,2378,586,46,592,103,56,1334,182,327,231,63,770,1323,153,7,830,366,33,346,13
5/3/2020,277,3,276,59,1419,414,25,170,219,506,284,1,0,0,2944,638,528,284,251,243,53,1935,1824,547,1010,436,232,2,333,115,89,3027,118,1461,3651,155,38,579,121,45,962,51,188,137,43,582,996,280,11,1761,182,11,304,7
5/4/2020,424,2,279,38,1321,344,661,80,154,928,753,0,3,45,2391,574,534,215,115,363,21,709,1000,196,0,330,368,0,424,74,70,1525,181,1218,0,184,34,560,72,79,825,35,175,131,37,328,784,145,5,0,277,29,272,10
5/5/2020,367,1,386,27,1275,439,648,83,152,542,602,0,1,21,2122,526,408,213,577,323,28,1046,1184,447,617,215,162,0,355,103,48,2324,107,1016,1189,408,41,495,10,80,865,81,281,84,53,119,1037,124,4,764,132,18,330,8
5/6/2020,12,1,402,115,2603,421,374,407,139,563,802,6,3,31,2270,837,293,276,112,330,0,0,1754,657,728,2,186,0,333,60,104,1297,153,1309,1565,502,57,607,147,77,888,44,272,95,58,248,1053,65,2,0,311,34,335,27
5/7/2020,552,2,238,54,1799,580,789,333,193,826,821,0,1,20,2641,633,655,410,195,326,120,2322,1696,592,1509,666,239,3,419,103,103,1745,202,1626,1421,639,48,555,9,73,1070,63,325,206,126,228,968,199,8,2086,326,21,314,4
5/8/2020,396,3,581,82,1898,475,627,0,245,371,544,0,0,27,2887,643,398,357,159,203,0,1049,1612,680,0,288,148,0,641,118,104,1819,180,1371,1377,471,54,885,0,79,1323,125,249,225,239,346,1219,247,2,0,157,26,375,9
5/9/2020,284,1,434,237,2049,523,573,336,203,802,307,0,0,25,2325,586,214,250,152,562,60,1053,1410,430,1183,123,177,0,403,144,64,1631,105,1209,2680,492,39,681,125,92,1078,17,210,164,249,331,1251,193,3,854,286,24,349,9
5/10/2020,222,1,159,0,2119,316,570,118,170,0,876,0,2,0,1656,394,288,233,0,183,23,786,1050,382,0,173,178,0,81,81,60,1447,85,1145,4896,404,27,384,254,68,1295,25,285,122,124,217,1009,83,6,1874,217,15,280,9
5/11/2020,268,2,261,59,1259,103,211,176,117,1094,459,1,2,30,1266,501,414,132,237,208,5,688,669,414,528,234,74,1,257,54,89,1413,206,720,657,281,27,696,0,58,543,58,176,139,97,562,1000,78,0,730,231,7,199,7
5/12/2020,252,2,356,121,1443,356,568,211,96,941,768,0,1,33,4014,500,539,0,176,235,53,751,870,469,1118,185,88,0,120,159,79,798,143,664,0,301,53,473,0,72,837,43,164,135,49,568,1179,153,1,946,208,9,193,6
5/13/2020,271,0,440,72,1759,310,522,271,99,479,558,0,2,31,1677,346,377,352,227,612,0,1091,1165,370,0,390,136,3,383,83,60,817,152,1049,887,470,76,471,302,58,707,30,221,103,69,261,1355,127,2,1067,182,26,291,13
5/14/2020,402,4,498,112,2023,361,609,150,152,808,326,3,1,27,3239,580,386,0,145,827,88,1083,1685,1191,1323,318,174,4,341,94,83,1144,139,1095,1087,691,65,636,120,63,938,98,181,159,60,333,1448,162,4,859,261,30,373,13
5/15/2020,304,1,495,115,1772,369,621,0,135,0,613,0,3,38,2432,602,374,418,219,348,45,982,1239,497,0,322,140,0,356,130,82,1201,159,950,1555,622,49,597,110,62,986,162,203,218,95,268,1347,175,0,1011,178,13,410,15
5/16/2020,339,4,462,115,1857,380,618,174,171,1871,562,0,2,30,2088,625,279,0,244,280,39,836,1512,425,1428,173,219,2,448,33,92,1184,185,1176,7392,853,87,520,0,71,989,0,215,254,72,322,1801,154,0,705,336,23,502,25
5/17/2020,0,4,306,181,2046,286,716,322,81,777,623,0,1,0,1734,498,323,0,0,315,26,0,1077,638,704,136,114,2,128,210,40,1245,91,896,0,530,52,449,449,11,623,57,240,155,28,121,785,139,8,752,146,20,356,13
5/18/2020,816,3,233,54,1591,298,697,168,147,854,662,0,1,36,2294,477,431,454,247,334,28,2742,1042,773,657,272,156,0,277,49,56,1705,158,613,665,511,31,349,0,64,1432,64,121,126,40,626,909,154,0,1005,178,12,144,12
5/19/2020,0,0,396,110,1365,304,314,157,164,502,772,0,1,21,1545,450,267,0,134,329,78,777,873,435,641,263,135,8,221,125,69,974,96,883,6082,677,63,680,160,39,270,95,156,114,58,370,1219,136,4,763,200,12,198,10
5/20/2020,924,3,331,80,2262,353,587,192,117,527,780,11,4,30,2388,569,246,199,98,278,58,1208,1045,659,0,255,152,0,276,136,147,1386,125,796,456,423,101,484,0,75,476,61,405,119,92,155,1411,213,1,1229,160,53,546,11
5/21/2020,347,0,418,455,2140,369,191,143,237,1204,687,0,0,28,2268,662,575,0,119,1188,71,893,1114,501,1335,402,108,1,303,89,67,1073,155,963,0,738,134,731,96,16,1846,47,215,204,73,427,945,173,5,813,146,36,454,14
5/22/2020,294,2,293,154,2247,334,432,161,105,776,1031,0,1,61,2758,473,334,419,140,421,0,1071,815,403,840,381,218,0,237,130,79,1247,153,887,1111,758,88,627,0,47,725,117,165,259,106,437,1181,198,2,799,148,102,511,2
5/23/2020,447,4,431,163,2187,482,382,0,73,676,979,1,0,31,2352,492,394,0,145,115,65,818,763,452,0,247,194,0,327,295,75,385,170,990,6248,1107,48,614,40,24,730,70,216,257,112,399,1060,152,2,495,320,24,481,10
5/24/2020,353,0,300,147,2079,200,446,119,144,740,724,0,0,0,2508,475,352,0,0,129,61,839,1013,314,728,206,236,0,145,90,60,1050,148,732,0,497,53,503,148,39,473,89,113,201,95,360,839,169,2,1483,243,42,400,25
5/25/2020,516,1,222,107,1848,89,405,258,115,879,532,1,0,58,1713,339,327,260,0,622,35,535,596,202,1387,273,179,0,221,102,48,938,83,641,5920,742,39,566,169,22,451,71,0,82,23,462,623,84,6,1615,237,11,307,5
5/26/2020,548,2,222,151,2175,277,430,29,109,509,350,3,0,15,1178,363,126,0,380,245,0,736,422,223,504,313,124,0,264,110,34,672,104,502,731,176,0,529,114,18,780,64,145,238,67,358,589,74,5,907,116,72,279,7
5/27/2020,457,1,479,97,2247,492,0,75,72,379,709,1,2,32,1111,359,654,119,126,443,80,1286,527,504,0,328,201,6,357,115,55,864,122,462,894,488,17,433,77,71,625,73,143,207,57,352,1361,157,4,1152,225,45,599,10
5/28/2020,467,13,501,261,2717,126,271,65,86,0,838,1,3,38,1527,631,228,0,107,305,37,1279,675,406,1067,418,181,8,285,112,100,557,112,685,781,784,42,476,53,48,693,89,141,165,83,381,1855,322,3,1132,358,36,512,16
5/29/2020,593,5,702,239,2189,492,203,186,46,1196,626,0,3,34,1622,490,371,382,280,0,56,1027,617,607,0,440,122,12,393,125,106,1659,129,603,0,1076,39,651,134,45,680,161,141,343,73,414,1230,292,1,1078,307,37,733,15
5/30/2020,327,4,790,236,2992,485,260,76,179,915,738,0,0,36,1462,653,288,0,240,775,43,763,789,263,1319,271,167,0,251,145,53,764,131,624,855,1185,34,468,42,54,511,71,184,263,94,484,1332,259,2,996,278,17,523,7
5/31/2020,596,26,681,240,3705,280,179,108,84,735,729,3,0,0,1343,363,308,0,0,234,24,549,664,513,358,251,185,10,196,115,106,837,65,558,5662,916,23,479,0,58,356,58,109,467,33,439,1949,256,4,791,353,21,173,5
6/1/2020,193,7,187,190,2423,199,539,79,56,651,889,0,1,67,974,256,146,292,342,536,28,848,3840,135,0,269,180,8,244,78,34,473,111,480,0,674,48,471,67,59,612,97,63,287,41,550,593,157,2,841,275,18,140,7
6/2/2020,333,20,1127,375,2304,211,239,27,29,586,578,2,1,27,1614,407,317,0,139,405,41,807,358,199,300,301,248,2,266,142,64,627,224,716,5731,626,21,429,80,33,511,62,121,267,33,834,1688,252,5,666,180,28,374,2
6/3/2020,80,18,973,249,2377,272,112,34,130,1292,723,2,1,57,982,475,93,159,225,276,0,876,429,304,362,238,192,14,255,121,46,523,116,550,0,888,33,379,155,64,537,88,107,236,95,447,1703,384,2,951,327,21,483,3
6/4/2020,231,8,530,358,2120,300,148,27,104,1408,942,0,6,64,929,384,696,0,295,429,28,912,471,206,403,0,290,0,251,139,81,462,213,514,513,1190,27,490,125,75,443,485,106,354,85,299,1649,278,35,676,245,25,492,6
6/5/2020,314,11,1579,226,3094,255,221,72,79,1292,799,0,8,57,1156,482,342,223,272,427,36,712,494,5298,1228,209,196,1,262,195,77,806,319,541,510,1289,39,476,113,96,701,112,116,448,30,401,1693,237,2,865,264,17,357,12
6/6/2020,658,12,1119,450,3115,233,358,97,70,1253,583,0,1,28,975,419,332,0,310,497,88,491,575,444,385,501,189,0,164,175,66,557,128,537,5688,1370,71,353,101,92,506,295,0,463,90,558,1940,687,18,1284,429,17,322,6
6/7/2020,446,8,1438,325,2796,153,150,30,63,1170,524,0,1,0,867,400,110,0,0,330,0,431,304,430,338,498,111,8,91,189,24,271,140,323,444,921,45,365,0,146,351,70,0,370,71,313,1425,178,18,570,307,8,264,8
6/8/2020,930,19,789,314,2507,182,124,48,57,962,648,1,6,50,1382,226,400,257,189,234,18,500,190,288,299,0,181,0,118,156,36,333,122,318,330,938,19,361,151,114,493,61,201,514,33,568,638,312,12,487,312,17,203,13
6/9/2020,0,10,618,340,2170,164,87,36,85,1070,808,0,4,31,797,410,249,0,232,562,18,561,263,297,346,715,179,6,131,225,53,299,43,343,425,676,21,325,91,66,410,139,49,428,52,630,1637,275,9,439,313,18,270,10
6/10/2020,578,20,1556,288,2702,152,168,51,63,1331,804,3,6,40,625,304,366,162,175,418,61,732,267,184,447,0,274,7,142,134,46,550,145,249,382,1011,40,413,55,72,467,167,65,531,81,302,2504,344,10,470,288,14,285,10
6/11/2020,845,17,1412,448,3090,148,114,66,52,1677,1101,0,15,42,766,411,370,0,62,442,0,416,511,267,0,0,203,12,290,253,31,470,117,337,440,1310,39,429,160,177,686,0,106,682,61,477,1826,381,15,564,137,24,333,29
6/12/2020,865,15,1654,731,2702,175,228,56,65,1885,963,0,17,51,732,398,375,235,221,523,54,692,392,223,479,865,195,15,198,261,42,348,159,385,0,1768,36,420,118,140,463,184,85,729,77,588,2097,360,10,658,392,32,2796,18
6/13/2020,1658,29,1540,548,3660,195,305,35,55,2248,1043,0,5,46,673,397,369,0,279,1288,36,396,336,164,377,0,225,0,120,286,48,439,95,377,476,1429,42,424,144,158,0,154,0,785,91,415,2331,395,6,637,367,25,309,23
6/14/2020,919,7,1233,406,3212,113,94,76,58,2061,852,3,8,0,672,366,209,0,0,336,53,331,208,218,521,451,0,21,92,209,19,278,102,309,284,1444,22,300,591,101,659,200,0,840,65,891,1843,285,2,380,296,16,264,10
6/15/2020,426,3,1014,416,2597,169,147,63,32,1738,851,1,3,63,473,521,151,372,202,553,9,377,87,31,189,353,379,3,126,124,27,222,122,239,443,983,21,428,20,184,362,61,146,583,30,728,1254,357,1,445,324,32,185,19
6/16/2020,199,12,2392,274,2108,143,114,41,19,2740,870,2,5,78,623,356,102,0,182,534,0,560,195,184,414,489,225,18,180,361,19,323,88,299,5456,751,23,434,186,278,335,52,71,612,38,670,4098,315,2,444,373,19,309,10
6/17/2020,415,20,1827,415,3455,231,80,56,29,2548,1094,4,18,92,546,227,282,262,166,928,17,260,266,228,0,0,211,0,195,202,72,277,132,217,284,1002,42,412,228,120,418,108,49,566,84,313,3129,398,0,463,253,35,290,25
6/18/2020,887,12,2519,322,4084,228,11,111,56,3178,1023,8,26,111,593,425,393,0,202,0,42,319,271,301,379,0,283,36,189,234,14,404,88,299,356,1335,27,700,260,148,526,84,56,992,59,686,3516,660,6,555,408,42,463,30
6/19/2020,803,15,3246,703,4317,286,117,0,49,3789,1267,22,12,128,831,308,421,378,257,0,60,408,228,299,792,0,293,32,176,421,0,389,107,386,299,1655,33,609,453,206,504,268,68,1083,49,1188,3454,627,9,650,409,50,310,29
6/20/2020,532,20,3109,511,3893,162,158,164,32,4027,1814,0,10,135,634,315,221,0,176,870,0,350,286,448,453,0,389,18,116,645,68,338,170,325,558,1549,25,531,352,178,464,62,0,1155,67,429,4430,574,3,551,624,32,442,6
6/21/2020,472,12,2592,419,4515,190,40,47,36,3469,885,0,4,0,658,362,461,0,120,393,19,297,125,166,307,0,415,1,103,274,26,308,135,279,245,1412,37,546,332,187,456,39,0,907,72,656,3866,425,12,471,455,43,293,18
6/22/2020,456,6,2196,522,4230,166,27,25,38,2908,1271,3,3,248,462,210,94,406,89,461,14,404,149,246,242,1646,138,17,147,330,14,273,129,257,332,805,25,729,483,146,0,121,122,1008,29,451,3280,310,4,529,190,28,251,33
6/23/2020,757,17,3593,595,5019,188,117,42,36,3256,1860,1,13,148,601,238,321,0,302,1356,23,330,229,240,294,611,434,32,135,464,13,319,144,282,286,854,7,590,214,191,1005,135,74,912,27,750,5489,525,1,520,516,22,289,24
6/24/2020,852,14,1795,697,7149,262,14,91,34,5440,1835,5,15,243,715,269,333,505,222,882,77,440,172,358,0,526,291,37,129,364,27,158,152,289,327,1724,42,632,0,170,579,57,73,1284,66,932,5551,525,20,432,483,36,466,28
6/25/2020,1146,24,3056,687,5349,324,81,37,31,4981,1743,16,16,220,894,515,552,0,254,938,0,338,226,434,853,1092,553,26,125,493,40,304,202,398,384,1024,31,892,1189,124,600,45,34,1125,60,799,5996,631,7,624,498,65,512,44
6/26/2020,988,20,3428,678,4890,317,65,90,26,8850,2076,0,6,283,910,485,428,568,242,1354,32,335,233,340,0,1015,493,23,178,387,0,388,216,434,315,1649,28,987,27,250,621,144,21,1313,56,1410,5707,665,7,677,488,36,563,42
6/27/2020,885,18,3593,570,5972,226,147,146,31,9518,1952,0,26,171,786,435,327,0,308,0,89,327,373,350,933,361,347,0,251,1104,33,289,211,339,348,1720,37,817,392,276,505,123,0,1604,91,728,5747,505,2,489,549,52,559,24
6/28/2020,1245,29,3857,508,4810,285,97,163,32,8475,2186,6,2,0,646,355,477,0,65,1467,30,477,224,267,0,675,314,67,124,821,76,309,190,300,222,1605,37,854,308,247,492,61,0,1381,55,0,5352,464,2,453,348,50,480,25
6/29/2020,853,21,625,439,5307,204,59,0,44,5238,2105,4,18,433,738,298,293,905,115,845,31,305,101,277,315,680,468,48,143,734,13,90,173,202,215,1349,44,737,302,144,618,215,103,1324,35,2125,4288,813,6,598,501,38,326,33
6/30/2020,861,36,4682,520,6367,204,152,134,35,5976,1976,10,7,365,724,366,165,0,277,1014,42,359,114,505,855,653,508,51,135,553,22,395,165,284,343,1196,37,743,240,171,636,72,49,1755,48,1212,6975,483,0,0,571,35,629,37
7/1/2020,917,38,4877,420,9740,314,58,229,38,6507,3011,13,20,253,828,358,511,547,218,2083,34,505,261,361,494,870,376,65,133,644,20,261,129,329,359,1862,39,1076,636,275,832,71,40,1520,62,1806,8076,640,2,416,611,74,563,27
7/2/2020,1130,39,3333,878,7538,323,74,0,25,10015,3545,6,28,223,0,435,751,0,237,1383,0,538,195,589,414,0,356,40,142,636,20,428,244,448,439,1639,42,1301,364,363,667,75,88,1782,67,1575,7915,535,17,532,716,74,584,36
7/3/2020,1754,46,4433,547,8040,260,71,192,45,9415,2811,0,24,401,1806,528,221,929,297,1728,69,380,290,0,0,1904,547,5,208,982,0,386,256,458,348,2102,65,1091,0,342,634,104,50,1831,85,1822,7555,650,11,658,627,73,622,32
7/4/2020,997,48,2695,587,6510,254,0,205,12,11372,2728,4,25,376,862,517,631,0,0,0,0,291,210,903,512,226,385,39,167,857,35,291,287,358,294,1419,57,926,1428,294,479,135,0,1854,50,1428,8258,431,0,1355,469,79,776,24
7/5/2020,2047,27,3536,605,5410,199,0,220,35,9986,2120,11,7,363,639,576,292,0,0,1937,26,272,136,360,433,357,221,82,102,843,40,369,193,294,207,1330,37,968,131,300,450,663,0,1461,35,1291,3449,498,13,354,651,130,533,28
7/6/2020,0,28,3352,439,11529,192,259,121,33,6300,1642,2,41,319,614,323,304,982,776,1101,17,492,163,328,564,0,420,0,117,491,17,209,251,271,312,1563,33,805,287,165,995,129,0,1533,42,724,5318,504,0,638,1087,107,490,41
7/7/2020,912,18,3653,259,6090,407,57,56,54,7218,3466,4,22,487,587,295,372,0,367,1936,20,465,201,631,0,957,773,122,155,883,18,267,220,316,198,1367,49,948,438,210,849,31,163,972,58,1359,10028,702,3,635,435,63,535,36
7/8/2020,1170,42,3520,734,11694,452,75,85,73,9882,3495,2,34,430,980,437,480,717,400,1888,26,586,264,651,1003,1377,575,95,224,567,20,161,290,403,391,1449,73,1277,856,214,719,117,50,1557,79,2472,9979,774,2,613,521,202,645,29
7/9/2020,2214,46,4057,806,7031,409,101,141,37,8891,2838,1,27,459,1018,512,734,0,326,1843,13,463,295,512,631,1031,795,103,198,552,21,231,234,309,317,2059,99,1150,679,369,1009,275,39,1782,94,1605,9782,574,16,943,640,119,800,34
7/10/2020,1341,51,4221,751,7798,666,78,106,64,11343,4623,2,41,500,1327,725,653,993,425,2642,0,557,213,622,804,0,662,24,154,1005,18,358,298,435,330,2007,84,1525,644,266,813,229,69,1728,65,1955,9765,909,11,851,637,157,889,16
7/11/2020,1401,62,3038,1061,8047,400,0,121,58,10274,3201,0,20,577,1195,779,751,0,451,2167,40,642,288,685,0,1665,472,84,221,718,33,331,224,423,328,2467,89,1358,1099,397,577,288,0,2280,53,1460,10351,642,0,888,0,163,981,49
7/12/2020,1640,94,2537,503,8460,322,0,0,46,15135,2571,0,20,397,954,533,524,0,268,1319,19,418,199,406,1201,393,310,164,174,1032,30,339,255,336,277,1909,91,1378,155,319,476,356,0,1949,45,954,8196,572,13,972,1438,98,797,23
7/13/2020,2003,60,1357,572,8358,329,223,90,59,12548,3790,0,22,500,883,425,358,1447,264,1705,8,733,230,422,398,862,447,2,227,850,14,224,263,307,270,1846,108,1261,467,268,929,113,175,1520,25,3314,5655,545,5,801,1101,69,505,41
7/14/2020,1718,40,4273,794,7346,444,20,81,40,9122,3573,1,28,316,707,648,321,0,570,2215,12,756,303,666,0,0,936,109,318,1088,23,393,223,597,369,1991,123,1142,521,367,994,256,0,2221,48,1514,10745,474,4,1084,547,94,967,48
7/15/2020,1805,52,3257,564,11126,469,106,64,80,10087,4102,1,19,727,1187,685,444,875,454,2089,20,648,217,1049,1177,2256,888,266,262,841,22,363,327,465,394,1816,103,1316,910,276,781,195,153,1856,80,2273,7307,468,13,904,742,150,848,34
7/16/2020,2030,62,3259,817,8544,571,114,223,50,13764,3676,0,23,688,1257,710,838,0,406,2280,38,707,234,926,666,1030,708,124,155,1447,26,223,297,384,334,2191,124,1290,1075,428,1032,546,71,1838,42,2479,10291,923,7,1002,1267,100,942,41
7/17/2020,2010,40,3910,648,9986,618,143,92,39,11362,4233,3,19,619,1427,733,590,1032,522,2179,8,835,298,754,457,1,868,24,227,1383,26,50,318,409,331,2082,115,1679,628,293,763,333,82,1977,95,2279,14916,805,9,940,754,126,929,43
7/18/2020,2081,62,2742,771,9199,444,0,0,79,10199,4743,1,28,550,1276,841,319,0,579,0,2,925,359,745,734,1810,958,105,120,1186,23,263,280,367,271,2486,112,1542,1521,347,786,610,0,1552,73,2517,10158,653,4,1057,959,139,1031,39
7/19/2020,1777,79,2359,695,9329,354,0,90,67,12411,3193,1,12,571,965,917,682,0,977,3116,65,554,296,530,0,1250,846,62,102,1288,15,0,235,204,319,1820,107,1110,209,430,711,398,0,2374,44,1779,7300,637,12,945,920,120,849,18
7/20/2020,1939,75,1559,699,6846,424,162,227,78,10287,2766,10,24,393,1173,635,501,1369,253,3186,0,860,255,527,1253,1635,530,88,264,948,46,180,244,235,0,1291,81,1236,316,268,1027,479,111,1459,37,1639,7404,402,10,996,797,100,727,61
7/21/2020,1476,92,3500,738,9231,493,41,46,88,9345,3732,1,17,556,955,710,249,0,646,1691,11,627,244,664,504,1547,1138,91,343,816,13,293,302,464,651,1863,160,1047,745,292,631,98,82,1892,76,2190,9305,564,6,1022,832,57,1161,51
7/22/2020,1460,91,1926,581,12807,639,127,132,102,9676,3547,2,54,500,1598,757,527,770,480,2771,15,664,287,671,760,982,1301,197,296,1136,33,389,311,355,360,2191,126,1527,1215,255,962,435,76,1705,58,2473,9879,606,0,844,672,262,747,50
7/23/2020,2458,60,2335,1013,12040,616,9,0,42,10171,4532,5,58,414,1624,929,635,0,607,2296,21,930,327,701,769,1610,1637,128,332,1263,23,242,335,423,157,1945,121,1444,680,319,1213,494,86,1564,66,2570,9507,635,11,1127,762,89,1086,59
7/24/2020,1792,57,3357,990,9718,666,544,278,78,12379,5023,0,70,528,1599,996,636,1005,784,2084,0,1288,338,641,801,1434,1652,210,356,0,57,458,312,393,529,2145,122,1560,1127,391,1054,573,76,2001,57,2091,8701,792,8,1245,815,145,1058,58
7/25/2020,1994,89,3740,732,10066,809,0,0,68,12115,3822,0,64,563,1426,922,400,0,833,0,57,694,289,550,0,1207,1357,95,221,1897,40,513,313,410,90,2114,140,1438,1012,388,800,603,0,1401,105,1718,6020,383,11,958,1025,126,988,41
7/26/2020,1164,186,1973,642,8259,547,0,231,63,9259,2740,9,28,350,1541,852,528,0,315,3840,18,1128,363,1039,1512,0,1218,39,223,1030,21,505,254,307,222,1645,110,889,3222,266,839,288,0,1191,90,3140,5810,438,4,1505,786,139,965,29
7/27/2020,1976,98,1813,824,6891,229,207,70,78,8854,3077,3,47,517,1231,535,355,1063,522,2343,6,648,289,512,478,653,1123,0,271,988,5,449,460,318,425,1685,155,1104,1399,330,1120,409,291,1218,49,2553,4267,413,2,922,686,94,601,45
7/28/2020,1260,107,2107,734,6000,749,94,126,87,9169,4399,2,110,528,1076,771,228,0,525,1121,28,761,256,785,666,2847,1773,286,268,1096,59,483,289,336,309,1805,86,1320,9,328,834,221,210,1692,48,2555,8342,422,3,999,884,119,783,69
7/29/2020,1252,68,2339,787,8755,482,463,87,54,9384,3567,3,123,457,1393,621,498,698,601,1735,22,892,502,1016,745,1775,1927,113,265,870,13,471,345,413,317,1826,74,1396,2070,305,860,511,75,1737,149,1778,9042,605,1,911,790,153,924,39
7/30/2020,2124,81,2525,791,10197,408,130,0,58,9854,4183,2,122,567,1772,954,759,0,659,1708,22,1169,414,807,772,0,2084,174,344,1149,31,204,252,465,286,2411,168,1733,1231,410,970,209,150,1726,44,2049,8800,316,1,984,808,96,1091,58
7/31/2020,1961,112,3212,752,8086,605,140,188,69,8925,4308,0,87,475,1980,901,543,942,765,1799,27,1019,514,793,724,2302,1489,11,445,1142,39,690,212,359,314,2018,133,1533,814,362,888,1091,72,1444,79,3088,8839,539,7,913,0,220,855,40
8/1/2020,1482,146,3012,662,6542,458,0,0,79,9591,3732,0,45,393,1639,968,399,0,572,0,21,909,428,758,759,0,935,116,180,994,30,369,196,441,199,1753,58,928,1313,324,0,539,0,1583,103,2225,9539,583,7,981,1738,93,1124,43
8/2/2020,2095,144,1445,637,9032,449,0,72,69,7047,3162,12,207,230,1467,735,511,0,462,3467,12,870,418,429,0,1244,582,112,311,1131,21,321,220,268,189,1362,125,944,492,280,654,380,0,1189,88,1443,0,379,5,1324,631,119,932,39
8/3/2020,1217,61,1030,787,5739,252,252,106,39,4758,2538,7,143,331,1298,576,353,1064,323,1099,5,710,199,613,1215,1074,1047,121,254,985,26,264,114,304,318,1388,148,932,289,269,565,533,224,1163,65,1009,11529,394,0,1145,543,119,411,40
8/4/2020,1186,53,1008,784,4526,426,48,241,85,5347,2742,14,171,559,1471,822,200,0,689,3615,17,572,546,801,617,0,1193,115,222,1001,33,356,210,430,349,1694,124,1143,224,333,854,327,144,1239,59,1805,9167,391,5,798,664,78,770,36
8/5/2020,972,55,1698,912,5295,594,115,69,45,5408,3888,8,149,473,1759,720,614,841,544,1482,5,579,440,718,861,1245,1241,164,311,645,26,357,226,335,286,1185,120,1199,1991,279,705,283,91,1282,89,1657,8706,552,5,818,705,108,939,39
8/6/2020,1773,35,1444,735,5258,448,20,0,75,7587,3364,14,201,692,1953,1040,703,0,513,1303,18,801,231,763,545,956,1062,151,332,851,23,374,207,370,401,2049,150,1166,911,247,807,752,130,1325,105,2252,7598,510,9,2015,833,118,875,35
8/7/2020,1892,52,1406,1011,8436,457,75,137,71,7653,4207,0,229,523,2103,1239,503,921,542,1500,11,775,417,814,916,2246,996,144,283,838,37,360,192,370,244,1582,181,1204,947,411,758,738,127,1422,98,2432,7039,461,3,1307,670,156,1043,42
8/8/2020,1869,77,1054,772,7371,431,0,73,64,8425,4422,0,151,573,2190,1033,421,0,962,0,16,922,420,721,797,0,0,64,141,887,39,368,150,377,320,1987,88,1294,887,374,813,697,0,1241,106,1803,6959,23,11,897,936,130,1185,13
8/9/2020,981,98,816,572,8373,336,0,59,100,6190,3162,7,140,176,1382,1041,503,0,224,2653,9,755,329,535,618,527,1548,65,187,812,13,344,200,267,248,1626,117,879,493,262,760,700,0,975,128,2127,4879,624,3,664,549,131,622,37
8/10/2020,1686,64,600,645,7751,379,247,0,54,4152,2676,16,120,429,1319,664,285,1092,272,562,0,585,275,580,323,476,1027,0,264,742,9,258,129,239,236,512,172,883,415,216,601,582,196,724,58,1202,4455,292,0,996,575,60,521,0
8/11/2020,831,46,1214,383,12500,402,117,65,89,5793,3754,15,199,495,1549,870,255,0,539,1164,19,541,392,907,0,644,981,272,334,547,21,444,199,393,370,1131,85,1095,841,286,828,671,119,971,50,1001,9803,393,16,775,504,121,767,31
8/12/2020,935,60,706,703,11645,315,22,268,63,8059,3767,28,353,538,1645,660,477,817,1152,1179,20,776,229,476,457,1081,1595,114,214,525,26,463,173,314,428,1308,201,1422,792,248,849,372,76,844,102,1478,6200,323,0,1102,551,133,531,13
8/13/2020,771,82,1351,652,7085,373,76,0,65,6192,2816,25,232,498,1834,1043,530,0,741,1135,26,715,319,1167,1427,612,1267,136,416,586,34,656,171,299,327,1978,151,1178,805,278,991,682,111,935,82,2118,6755,433,6,1215,637,143,968,33
8/14/2020,752,110,927,626,7934,409,115,429,94,6105,3340,0,283,542,2296,1067,599,1338,612,1298,29,818,1826,868,690,944,1473,2,328,1099,43,570,173,360,0,1210,122,1131,879,313,829,567,115,932,127,1947,7018,473,17,915,800,123,1059,64
8/15/2020,1271,83,933,0,12614,300,0,55,41,6291,3336,0,219,304,1828,1044,858,0,632,0,24,519,0,1058,749,825,1127,118,253,859,16,278,142,352,719,1662,143,1117,1003,405,850,311,0,1041,94,1289,8245,314,8,938,746,183,866,44
8/16/2020,853,103,883,673,7873,338,0,85,61,3747,1889,56,174,183,1562,739,640,0,385,1181,29,503,394,477,554,381,1078,120,131,697,8,13,106,300,223,1400,60,613,0,726,660,754,0,615,156,1961,6204,306,6,730,576,107,699,59
8/17/2020,571,50,468,412,6469,194,370,0,53,2649,1957,19,134,282,1773,591,396,1282,376,567,16,520,249,490,0,1071,1148,68,191,660,16,312,92,173,188,431,135,775,1081,0,384,953,237,456,86,1036,7908,239,12,862,260,68,469,45
8/18/2020,1357,62,915,410,4636,261,0,107,52,3787,3226,22,261,384,1740,841,140,0,608,640,22,414,221,654,345,0,794,0,262,683,13,331,79,371,256,1336,186,861,796,225,735,221,120,719,83,1034,7282,298,3,736,543,99,709,32
8/19/2020,1117,67,637,729,6164,270,59,75,29,4080,2512,0,235,370,2295,489,311,723,627,778,18,580,352,688,1247,2242,1258,109,215,394,19,329,170,358,303,1218,274,958,868,194,570,209,103,739,123,2022,7024,475,3,863,425,70,710,67
8/20/2020,971,82,723,549,5920,329,118,52,55,4516,2939,168,230,424,1832,941,1253,0,700,918,32,670,313,527,825,0,1058,258,308,556,14,100,202,328,201,2050,232,1122,861,295,791,703,76,909,125,1375,5303,501,4,978,700,181,759,38
8/21/2020,1183,68,619,887,5585,356,87,61,60,4616,3369,0,280,249,2293,1040,473,966,639,899,31,624,431,0,0,1819,1231,2,278,893,21,290,144,423,217,2075,262,1043,1086,256,693,731,151,1058,193,1669,5021,327,4,1212,390,84,858,56
8/22/2020,900,89,996,547,6556,297,0,64,65,4260,2755,0,247,293,2356,1000,729,0,801,0,19,579,109,1426,1451,626,1293,160,154,637,21,419,207,386,295,1781,140,1119,1034,289,796,319,0,917,251,1239,5559,328,12,0,816,119,975,19
8/23/2020,1460,64,208,375,6777,250,0,47,56,3004,1812,140,169,191,1893,615,540,0,463,1223,21,567,0,764,714,511,818,114,109,532,15,258,94,293,184,1490,124,637,573,227,619,722,0,693,141,1854,4398,312,4,1558,417,87,479,36
8/24/2020,718,69,311,320,4946,208,492,20,49,2224,2441,77,215,217,1612,1660,356,1545,370,623,13,377,571,878,409,0,869,133,158,409,27,225,73,194,256,1389,229,849,402,218,426,102,280,563,149,667,2847,325,9,1006,359,40,414,24
8/25/2020,530,33,859,480,4480,459,29,24,45,2665,2494,0,275,395,1680,829,663,0,669,550,21,440,349,951,529,801,692,162,301,405,16,302,66,398,187,1446,238,844,818,236,561,24,70,937,80,813,6346,460,6,822,334,83,687,31
8/26/2020,2014,52,186,649,6004,194,180,0,38,2937,2603,248,306,315,2157,938,921,1536,662,1545,26,577,315,843,1154,1489,1426,0,379,258,9,285,197,306,232,1342,333,1089,809,180,501,639,82,605,66,1936,5407,357,5,1121,456,145,786,50
8/27/2020,1769,80,680,722,4430,349,130,0,72,3229,2819,8,263,342,1707,1145,3269,0,748,677,21,601,365,863,850,599,1512,144,374,553,35,307,188,476,311,2177,310,1244,836,190,620,605,135,505,623,1826,5600,297,9,1013,542,93,912,38
8/28/2020,1162,117,519,838,5329,430,145,373,57,3732,2678,47,310,262,2434,809,1344,1111,779,606,0,630,438,793,0,0,1418,134,335,624,22,358,122,366,255,1479,374,1296,820,293,835,562,94,1353,323,1636,4031,537,3,1217,598,191,864,41
8/29/2020,1704,90,629,795,4981,268,0,107,74,3132,2554,0,200,293,1880,1121,371,0,820,0,53,497,421,839,1974,735,1198,188,317,602,30,349,136,357,242,1723,0,1216,1282,239,843,298,0,1298,425,1465,4762,441,27,938,578,143,862,21
8/30/2020,1346,44,374,478,6070,182,0,0,34,2547,1361,108,130,190,1992,879,1009,0,455,1624,37,458,174,551,650,921,1465,89,293,447,8,291,105,417,218,1952,332,922,675,261,670,351,0,1075,380,835,3824,363,8,847,441,143,570,36
8/31/2020,823,37,174,368,4176,201,384,192,33,1876,1720,52,179,221,1668,883,615,1564,364,326,22,614,301,499,0,634,1042,153,241,320,21,349,69,388,295,1287,184,895,780,159,521,222,266,668,187,1818,2615,284,5,1021,315,140,268,22
9/1/2020,1558,35,507,273,3712,351,127,0,57,7487,2512,0,339,280,1492,695,625,0,789,689,0,456,686,795,1221,0,1058,196,287,400,22,330,108,449,250,2209,267,1453,672,233,770,582,53,854,240,1396,4364,358,5,927,304,257,1036,24
9/2/2020,623,66,519,615,4255,244,102,118,28,2310,2386,113,208,296,2128,859,818,1328,806,1151,69,693,288,648,0,1532,1458,178,421,238,12,305,152,444,325,1216,362,1157,972,129,816,195,76,657,254,1502,4334,453,0,1126,438,135,578,45
9/3/2020,1046,102,1092,1392,5125,268,101,99,58,3487,2973,59,267,263,1360,1104,885,0,894,813,15,819,420,774,1881,0,1397,133,474,352,38,378,200,585,221,1716,344,1345,1116,261,1160,43,65,1193,334,1715,3680,458,2,1111,479,203,740,28
9/4/2020,1108,120,728,1174,5106,368,156,140,51,3147,2298,0,219,269,5594,1030,1105,1280,792,822,35,776,219,1053,0,823,1605,19,192,489,21,449,90,539,303,2121,361,1332,0,265,891,251,100,1629,259,1051,5482,585,10,948,479,192,1542,50
9/5/2020,1410,93,835,548,4956,334,0,151,52,3593,2270,0,161,281,2806,1077,991,0,0,0,15,512,438,896,1621,949,1987,145,144,390,56,325,146,522,0,1586,297,1341,2426,255,963,41,0,964,293,1765,4486,360,5,1199,501,252,999,17
9/6/2020,511,86,250,706,4905,285,0,206,41,2513,1679,0,104,190,1403,843,763,0,1097,1395,19,764,370,0,638,242,1232,100,81,508,23,311,59,434,294,1099,170,773,444,188,691,842,0,663,220,1764,2995,341,1,645,399,123,890,26
9/7/2020,1290,33,198,348,3091,213,0,59,36,1812,798,0,66,74,1381,590,393,1694,290,309,12,356,319,1212,383,249,906,115,89,357,29,332,37,317,211,1039,71,0,613,146,547,129,0,655,191,983,2060,396,3,836,310,163,575,0
9/8/2020,2,35,81,477,2676,187,417,0,47,1797,1744,94,100,240,1392,386,462,0,255,256,21,336,168,499,260,426,773,2,502,130,18,277,37,335,202,833,238,1434,833,165,496,3,349,301,103,645,1421,275,3,882,0,86,749,71
9/9/2020,811,63,496,498,1616,246,89,0,25,2006,2192,133,167,329,1337,705,400,496,658,1561,27,503,182,961,381,517,1362,278,440,155,23,323,87,363,481,969,333,973,693,116,931,772,84,305,168,833,4000,383,7,1240,464,147,913,48
9/10/2020,1148,124,461,548,3338,265,222,158,25,2537,2214,17,167,307,1953,758,1010,0,795,464,31,646,363,983,0,853,1116,4,456,288,56,424,161,421,201,1307,241,1121,1319,183,587,302,106,379,263,1650,4018,501,0,1115,458,209,1592,49
9/11/2020,1138,93,521,1180,3326,307,233,93,81,3604,2116,0,127,333,2312,1262,795,976,932,755,42,809,443,1405,467,445,1569,262,468,260,47,474,134,611,770,1610,467,1240,942,211,1008,511,123,2454,283,1622,3547,609,20,1296,544,157,1443,64
9/12/2020,943,103,605,727,4107,415,0,290,59,3168,2205,0,114,217,2121,1056,627,0,711,0,29,577,435,807,1595,254,1974,0,267,398,32,449,98,543,0,1478,426,1242,589,291,920,288,0,932,320,1032,4233,692,0,874,465,347,1430,33
9/13/2020,1109,62,384,509,4625,417,0,88,40,2395,1478,0,80,112,1462,1243,809,0,530,1281,0,536,267,0,638,144,1613,96,80,317,44,297,100,481,423,1220,254,837,1612,181,969,370,0,1886,201,933,1845,542,7,757,350,178,1624,49
9/14/2020,704,75,213,408,2855,375,569,184,30,1718,1384,64,65,253,1373,736,429,1513,337,492,55,599,235,1229,402,505,1332,86,454,277,18,334,81,318,344,948,233,1079,869,147,289,422,225,816,163,2450,4011,538,18,943,312,121,818,46
9/15/2020,701,42,484,730,2235,400,136,16,65,2743,1848,39,98,278,1466,689,454,0,718,371,23,643,286,682,0,711,1317,137,328,0,34,436,81,460,258,1210,269,1001,1091,178,1151,112,120,790,193,957,5301,722,0,845,327,156,1441,46
9/16/2020,927,49,698,862,2950,587,135,97,56,2288,2669,79,156,283,1941,580,1290,971,764,612,21,631,295,773,462,701,1191,187,449,434,32,388,118,400,294,1234,0,1033,970,188,776,583,108,652,297,1856,6026,764,1,1101,347,220,1502,128
9/17/2020,670,105,1753,992,3238,459,220,144,47,3273,2083,29,119,396,2056,837,636,0,606,478,43,543,419,980,909,0,1747,441,502,344,34,569,158,563,346,1632,897,1067,1034,210,933,817,130,1324,395,1053,4047,862,2,1242,386,234,2134,86
9/18/2020,1106,109,1282,871,3630,605,141,71,62,3177,2207,0,112,470,2223,1037,1241,1415,758,979,30,682,431,778,1085,1152,1795,292,466,498,47,487,151,442,635,1504,377,1011,1249,282,760,1309,132,872,389,2357,3422,836,2,953,404,253,2580,95
9/19/2020,1301,85,609,1078,4304,606,0,0,50,3510,2288,0,77,288,2529,1076,828,0,978,0,44,412,569,587,914,277,1387,136,410,323,59,461,162,494,193,1239,351,951,466,257,1162,845,0,922,369,942,3827,1071,4,857,597,191,2403,33
9/20/2020,798,93,467,563,4265,501,0,218,53,2497,1152,0,55,244,1402,746,664,0,436,936,27,412,340,0,2221,192,1328,127,286,3,27,453,67,464,322,1335,286,762,3023,202,733,638,0,468,252,2075,2466,817,5,626,349,180,1735,91
9/21/2020,818,70,233,641,3294,542,497,0,23,1671,1385,73,64,410,1477,522,692,1674,375,243,40,344,244,1575,480,465,1463,269,305,629,5,392,104,313,294,800,264,856,1101,194,234,120,312,416,173,895,9853,39,6,872,300,117,1296,73
9/22/2020,804,44,595,617,2630,654,136,94,43,2414,1209,43,167,446,1531,599,561,0,814,752,25,385,143,695,678,552,1059,204,397,261,38,426,107,403,227,1312,473,685,1164,318,834,64,112,2665,320,739,17820,650,0,580,345,213,1739,72
9/23/2020,569,54,438,982,3146,616,155,186,29,2594,1691,73,90,396,1848,711,1056,1267,786,616,44,503,542,902,0,737,1580,320,493,482,17,408,197,385,397,1101,470,903,1089,190,898,1182,133,897,445,1561,3392,1453,1,902,509,120,1895,153
9/24/2020,1053,128,568,1086,3170,548,157,0,56,2477,1608,23,111,491,2257,899,1225,0,641,577,20,559,455,1078,2089,722,1365,328,453,390,37,564,237,531,430,1836,434,991,0,362,853,1063,134,1021,463,835,4320,622,9,941,536,202,2478,136
9/25/2020,2452,122,515,897,3400,709,115,138,57,2809,2012,0,127,523,2805,1171,1103,1366,908,706,0,613,454,1040,1470,0,1978,357,431,483,41,548,263,537,438,1693,495,1150,1174,449,806,508,0,1195,457,1910,0,1411,8,975,988,247,2629,115
9/26/2020,933,113,459,809,4197,584,0,175,52,2731,1442,0,95,539,2441,1142,903,0,970,0,54,431,515,996,0,827,1725,2,434,602,36,750,205,576,348,1759,344,1115,994,267,1029,891,0,1371,579,1437,9519,1017,0,736,604,205,2902,45
9/27/2020,730,114,411,487,4071,569,0,129,35,1847,875,0,90,205,1604,901,769,0,455,923,11,477,594,0,1979,190,1392,200,467,378,51,698,152,484,369,1290,259,800,823,239,918,1118,0,614,408,2104,1694,1068,3,449,439,190,2247,168
9/28/2020,662,116,273,807,2955,411,560,142,14,728,956,157,85,422,1709,872,642,2037,448,240,37,431,367,1329,0,0,0,306,515,462,36,559,141,455,388,868,419,993,862,174,676,1045,243,568,197,737,4090,827,3,923,369,164,1739,121
9/29/2020,571,124,674,706,2162,535,182,0,36,3209,1368,0,121,511,1362,744,632,0,917,533,54,414,450,1118,809,1141,1486,463,466,402,25,456,172,666,529,889,444,1105,1029,297,988,288,132,1179,259,879,4062,694,4,756,404,180,2447,67
9/30/2020,1147,103,323,942,3200,511,221,82,26,1880,1906,45,107,614,2273,953,1199,1120,984,610,40,785,510,1194,687,696,1351,517,520,386,33,712,278,554,705,1495,372,1080,985,218,1153,312,192,308,392,1528,5683,906,6,449,480,156,2459,127
10/1/2020,1043,124,705,1124,3062,682,192,324,32,2551,1585,62,86,513,2166,1157,1179,0,888,551,37,712,708,998,1066,672,1799,431,621,430,51,614,226,849,607,2277,476,1327,1177,353,1156,680,166,381,747,1293,3534,1008,0,966,594,176,3000,135
10/2/2020,954,126,551,958,3590,680,555,188,65,2610,1522,67,133,677,2456,1464,1016,1362,999,817,0,597,753,984,1166,609,1485,459,792,771,217,740,339,999,670,1775,440,1495,1197,301,1161,628,162,862,386,971,3503,1107,13,1116,694,283,2825,131
10/3/2020,1682,143,636,746,2159,0,0,118,50,2726,1538,0,69,464,2442,1419,939,0,1274,0,52,471,600,1275,2460,321,1708,278,426,526,63,947,296,1019,548,2202,416,1157,1193,348,0,290,0,1706,464,1192,7006,1068,10,1067,609,161,3054,151
10/4/2020,789,188,355,488,4293,1178,0,120,46,1813,940,0,51,262,1453,1087,620,0,616,893,25,501,626,0,0,215,1326,74,404,392,48,626,181,690,444,610,312,941,571,259,2251,640,0,691,432,1615,2884,1393,7,687,455,160,1926,139
10/5/2020,544,208,316,417,3055,461,823,0,28,1405,1119,201,81,458,1853,830,405,1597,541,218,20,413,465,1455,1914,0,987,663,452,325,35,511,155,465,502,2258,502,1057,664,279,672,432,343,577,180,2489,3409,1105,32,625,402,114,1727,125
10/6/2020,764,139,864,641,1677,654,121,103,105,2202,1978,50,109,660,1617,970,574,0,1036,532,39,440,454,1152,0,975,1165,425,498,476,51,629,315,826,652,1504,493,1335,1370,291,1036,31,177,811,278,1676,4132,716,4,509,387,194,2075,141
10/7/2020,941,126,604,809,2764,731,123,84,45,2544,1796,66,101,671,2630,1281,1052,1244,2393,2156,35,781,509,1214,2182,563,1068,340,639,432,69,508,425,812,460,1711,527,1424,1015,294,1309,526,180,735,1030,2080,4121,1007,6,1844,545,203,2463,129
10/8/2020,557,127,863,1265,3575,863,384,132,68,3246,1827,55,0,673,3059,1450,1609,0,868,524,27,734,409,1401,0,1440,1505,614,663,480,78,1298,384,1140,692,2428,656,1539,1220,482,1376,598,269,1050,535,1992,4238,1501,11,1114,710,186,3274,193
10/9/2020,1490,177,683,1167,3806,834,290,145,78,2853,2011,0,153,662,3117,1816,1233,1855,1001,257,30,636,734,1323,1390,957,2008,1237,0,768,92,865,485,968,723,2034,588,1840,1533,410,1380,472,249,921,774,1556,4036,1343,8,1256,642,382,3164,243
10/10/2020,1061,249,894,908,4170,1023,0,303,138,0,1336,0,108,613,2905,1918,1134,0,989,0,0,562,587,1648,2956,294,5066,203,1085,806,120,864,481,872,502,2321,637,1356,0,0,1742,307,0,945,732,1646,4230,1354,11,811,475,206,2971,120
10/11/2020,816,255,597,613,3803,819,0,0,3,5414,1218,181,64,365,2727,1570,1094,0,847,1181,27,504,570,0,1171,0,0,585,1238,380,53,751,261,674,356,1719,472,1291,0,729,1166,563,0,785,617,2068,2418,1200,19,854,827,215,2713,156
10/12/2020,734,191,475,654,3449,576,1339,264,38,1519,1181,0,42,597,2742,1574,509,2055,638,60,57,482,765,1932,1435,1009,0,423,457,568,65,469,379,636,451,1276,508,1430,3102,212,1088,306,0,649,361,2965,2648,988,0,1235,0,153,2016,191
10/13/2020,1117,151,684,680,2378,1048,320,0,46,2657,1325,171,61,584,2851,1549,701,0,761,682,36,575,632,1466,0,876,0,842,704,487,71,988,351,848,544,1734,702,1447,165,313,1342,976,666,828,414,1147,5289,987,10,805,913,274,3428,162
10/14/2020,784,143,901,1079,2666,692,164,71,64,2808,1576,86,98,645,2862,1165,1550,1293,1322,880,20,630,518,1593,1069,1322,4449,753,924,479,70,938,577,768,700,1926,706,2039,2276,380,1276,569,204,926,876,1709,4667,1144,17,1331,734,263,3323,213
10/15/2020,1185,152,1113,1278,3329,1141,167,95,34,3286,1864,111,88,718,4015,1943,1193,0,1182,743,29,781,568,2458,1163,1116,1875,877,961,655,77,971,668,952,591,2532,864,2178,1221,365,1598,327,274,1297,797,2289,4726,1498,0,1183,676,264,4040,198
10/16/2020,1212,226,738,1015,3075,1312,802,164,89,3365,1997,0,89,1094,5103,2283,1334,1700,1311,774,37,798,702,2206,2290,751,4374,0,1286,721,88,810,812,1047,634,2684,744,2148,1478,410,1566,238,253,1147,793,666,5870,1496,14,1114,709,498,4105,290
10/17/2020,1288,211,921,883,2979,1139,0,218,79,3968,1987,0,94,878,3629,2482,1291,0,1291,0,38,530,550,0,1694,234,1768,638,620,969,110,934,573,978,0,2102,717,2234,0,381,1857,643,0,961,806,2646,4885,1340,9,900,777,221,0,151
10/18/2020,964,220,742,644,2862,933,0,254,36,2474,1258,0,82,510,4245,1605,859,0,810,1143,22,497,744,0,3349,352,0,588,734,607,70,1275,445,778,1279,2303,659,1562,0,216,1269,657,0,776,658,2605,3216,1097,11,690,530,280,0,209
10/19/2020,859,202,748,531,3474,1072,1191,0,25,1691,1134,348,35,698,3113,1584,623,2113,640,201,27,590,827,5004,0,730,1405,569,749,583,52,1192,514,579,377,1144,1029,1837,0,262,1103,693,656,619,567,3317,4748,1168,19,926,460,212,7915,286
10/20/2020,1043,211,1040,844,3286,1208,434,129,50,3556,1500,82,84,873,3714,1498,946,0,1297,699,0,492,821,1871,1092,801,1524,703,592,652,82,988,594,765,834,1578,499,2015,4253,342,1557,187,302,884,621,1508,5030,1081,0,1018,489,226,4686,215
10/21/2020,1146,212,975,1155,3707,1267,416,203,53,2106,1601,88,77,987,4342,1732,1112,1488,1452,1363,71,743,646,1878,1060,958,1244,619,899,472,89,1030,819,1187,597,1842,887,2366,1313,307,1425,207,474,864,587,2292,5252,1363,16,1332,724,215,4363,322
10/22/2020,1390,232,994,1202,2940,1373,502,159,39,5461,2037,85,99,950,4942,2850,2008,0,1303,772,35,712,986,2204,1561,795,1854,1608,977,789,77,1162,662,1098,504,2400,887,2425,1651,367,2063,1947,471,1128,973,2046,6291,1543,15,1180,651,323,3632,271
10/23/2020,3852,281,976,1337,6141,1350,679,0,72,3618,2841,0,128,1073,5000,2467,1087,1774,1449,699,42,796,968,2046,1711,1212,1811,183,1225,813,118,1045,791,1066,2091,2716,935,2518,1427,538,2219,296,524,1064,1185,3606,6472,1960,29,1088,820,335,4643,426
10/24/2020,2360,371,890,1183,5945,1828,0,160,97,4381,1953,0,89,1021,6161,2741,1733,0,1732,0,0,792,1128,3490,2259,228,4961,639,705,1146,126,1909,872,1306,753,2584,845,2858,1834,0,2043,1223,0,792,939,2574,6499,1608,27,999,919,320,4673,260
10/25/2020,1079,523,1391,797,5219,1689,0,321,61,2348,1366,195,117,650,4062,2153,1213,0,1462,972,117,565,1097,0,1680,447,1527,738,582,891,90,1129,823,979,457,1807,522,2309,1051,753,1666,632,0,1337,1062,3500,4304,1765,30,904,649,194,3778,236
10/26/2020,967,348,801,612,2981,2211,2047,0,45,3336,1346,82,35,697,4729,1974,859,2446,924,227,57,897,1216,4057,1570,854,0,621,702,475,69,1216,723,767,729,1643,889,2116,663,335,1407,362,906,823,538,2279,4700,1201,10,1134,587,317,3011,436
10/27/2020,1115,382,1158,952,3188,1433,538,81,94,4226,2039,48,62,882,4000,1983,1079,0,1771,922,76,684,1025,2675,2164,1000,1695,845,877,727,133,1647,583,1260,681,2141,777,2509,1015,372,2751,90,421,1078,989,1908,7292,1145,30,1345,527,483,5501,329
10/28/2020,1269,355,1043,961,4515,1475,490,143,67,4005,2669,0,119,862,6110,2548,2150,3369,1857,1098,80,962,1137,3590,1908,970,1915,620,1169,574,111,1666,657,1194,954,2253,1223,2607,748,420,2228,1211,499,912,1270,2446,5627,1575,7,1429,716,358,4130,340
10/29/2020,1443,359,1315,1072,4191,1806,1319,161,101,4111,2192,162,7,961,6363,3618,2423,0,1811,394,103,927,1243,4109,2867,749,3061,887,1605,1075,127,1550,1078,1439,1311,2885,1353,3590,1039,565,2202,945,368,1100,1000,2660,6826,1837,35,1456,814,402,5146,361
10/30/2020,1347,381,1565,1162,4014,2412,761,398,70,5383,1804,0,92,1064,8489,3163,2670,3136,1937,433,98,967,1488,3345,3154,824,5493,1063,1495,1232,116,1976,1005,1352,946,2809,1433,3845,0,595,2641,385,562,1003,1559,2608,6631,2292,0,1552,1016,524,5357,521
10/31/2020,1789,437,1901,1316,5087,2924,0,175,122,2283,2736,0,62,798,7899,3465,2941,0,1977,0,0,864,1292,4018,3007,340,2349,885,1087,977,200,1363,581,1350,577,2805,1127,2915,2573,533,2510,533,0,1018,1433,1184,7145,1724,2,1202,928,470,5808,270
11/1/2020,1700,348,1527,867,4529,0,0,185,103,4805,1435,0,80,480,6980,2750,2395,0,1423,1071,131,850,1139,0,2200,365,0,694,934,716,130,1743,742,1309,629,2057,972,3303,1350,508,1909,1511,0,1411,1332,754,4259,1854,22,1026,814,423,3553,425
11/2/2020,907,350,666,584,4094,4797,2651,115,69,4569,1357,0,72,757,6222,3077,1762,4096,1028,275,127,771,725,6920,2948,644,2651,757,954,635,106,1368,872,992,737,1336,1172,2909,1083,549,2060,771,1246,894,526,3161,4402,1196,40,1261,1039,352,3505,444
11/3/2020,1037,388,1679,520,4044,2562,985,108,86,4553,2049,184,82,1179,6516,2881,1639,0,1709,1153,151,1000,923,3437,3476,766,2238,907,1440,911,128,1828,1136,1519,930,2349,1114,4229,1342,482,2875,77,423,1035,1004,1770,7516,1669,48,1157,657,358,6104,452
11/4/2020,1848,404,815,1651,5338,2928,530,219,77,4332,2773,91,150,1290,7538,3698,2760,2938,1630,1016,183,1198,1629,4397,3827,1612,2599,796,1828,1068,115,2432,1011,1331,799,2425,1536,4071,1258,589,2795,396,579,918,937,3445,9627,2110,1,1366,1469,394,6255,425
11/5/2020,1381,308,2135,1548,4566,3369,1687,0,81,6120,2410,101,92,1265,9935,4412,4851,0,2268,681,184,1541,1761,6103,3942,967,3553,1013,2124,1267,245,1962,859,1930,1330,2859,1765,4961,2100,790,2900,1103,628,769,1360,1969,8594,2807,35,1568,1070,560,6284,365
11/6/2020,1556,525,1996,1870,6518,3463,1065,505,110,5150,2762,73,113,1330,11790,4647,3341,5418,2228,870,158,1410,2038,4246,5442,1031,8490,979,2681,1562,204,2161,1284,2006,1327,2908,1602,5008,1878,769,3384,936,630,1233,1488,1373,7545,2987,23,2103,1691,540,6411,996
11/7/2020,1768,601,2575,1598,5863,3498,0,0,99,4380,2072,0,123,1403,12438,4899,4559,0,2156,0,90,1081,2200,6494,4647,804,0,1001,1702,1824,229,3202,1277,2422,1084,2676,1101,5549,6534,979,4035,0,0,1870,1337,5071,8010,2956,21,1302,1770,491,7521,192
11/8/2020,1205,518,1925,1038,7682,3017,0,345,110,6619,1405,0,127,649,10009,4652,3529,0,1177,1266,205,1375,1809,0,5908,516,4131,731,1574,1276,247,2013,1210,2037,1451,2094,0,4541,1956,861,2909,481,0,946,1428,3636,5685,2386,45,1302,1320,826,4407,713
11/9/2020,1170,471,435,945,7212,3553,3338,509,86,3845,1648,396,58,1266,10573,4135,5102,5920,1729,391,163,1338,1184,9305,3926,933,3244,374,1582,960,211,2058,1408,1988,1174,1521,2037,4706,1711,707,3402,275,1629,703,907,5919,6785,2247,23,1435,1239,401,4470,700
11/10/2020,1710,525,3434,1424,5367,3890,1524,230,86,4282,4279,181,69,1201,12623,4829,3899,0,2079,1330,142,1714,2047,6944,4893,1256,4256,1098,2182,1322,220,3777,1258,2757,1160,2582,1031,6508,2175,754,4361,264,789,1347,1023,1979,11211,2517,47,1594,1441,511,7432,1232
11/11/2020,2070,495,2030,1962,7464,3975,1754,0,206,5669,2232,0,116,1693,12657,5036,5038,5672,2698,0,0,1477,2495,6620,4889,1271,4071,919,2209,1107,229,3065,1487,3089,1746,3119,1800,5874,0,861,4711,1332,978,1257,1362,3632,11150,2335,73,1521,0,885,7537,132
11/12/2020,2000,481,1399,1809,6927,5197,1158,204,128,5504,2802,196,94,1158,12702,6591,4402,0,2336,3829,437,1869,2482,7311,7225,1305,4603,961,2611,1469,322,3491,1742,3135,1652,2893,1429,7101,5051,1109,5488,667,988,1495,2020,3344,8461,3919,116,1235,3345,696,8223,1105
11/13/2020,2980,587,3015,2312,6893,6439,2746,470,159,6760,3653,74,103,1519,15415,5600,5452,6282,3164,3450,152,2321,2674,9179,5544,1370,10351,1213,2369,1857,459,3397,1230,3575,1536,1779,2270,8071,2822,1058,5531,653,765,1611,1611,3733,11142,2150,92,1537,2142,742,8451,862
11/14/2020,2226,739,3476,1848,9875,5196,0,379,148,4405,3035,0,105,1519,11028,8322,4637,0,3293,0,153,1840,2841,7430,8689,969,3729,1642,1912,2269,382,4353,1165,3591,2052,3885,924,7715,0,1081,5551,707,0,1913,1855,4662,9177,5352,100,1161,2233,1153,5581,540
11/15/2020,1979,648,2383,874,10968,4183,0,408,163,9820,2084,0,0,928,10631,6710,3824,0,1449,2532,173,1726,2076,0,7553,589,0,1272,1327,1177,360,4538,1030,2192,1258,3117,1089,7853,3922,862,5199,537,0,1493,1199,5817,6561,2667,46,2677,2309,887,6320,613
11/16/2020,1410,578,1476,1308,9890,4296,4639,749,87,4530,1247,0,92,1099,11632,5147,3222,7234,1511,546,246,2149,1967,13162,7437,905,3718,869,3440,1914,358,2219,1253,2205,1822,1972,1082,7268,0,766,4476,569,2394,1110,897,7951,7168,1971,119,2125,1492,781,4638,699
11/17/2020,1616,634,2984,1554,8743,4331,1702,203,245,7285,4335,0,44,1781,12601,5463,3035,0,2911,2626,156,2018,2263,7886,5931,1593,5717,1371,2204,1697,274,4026,2105,3154,1703,3288,1263,7079,7389,924,5900,325,605,1283,1006,1841,11624,3178,96,2071,2589,864,7593,1260
11/18/2020,2638,545,3206,1715,9811,4650,2042,398,156,7727,3161,0,62,1310,8922,6015,4129,5853,2745,2229,215,2910,2744,6218,5094,1395,4587,1184,2812,1665,446,4043,2892,3547,1770,3367,1382,6385,2823,1099,6339,521,1383,1547,1387,4472,8870,3071,57,1954,1303,953,8510,822
11/19/2020,2424,490,4123,2238,11478,6107,2353,0,213,8882,3424,0,100,1543,14612,7281,4149,0,3637,2052,224,2353,2532,7983,7863,1638,4349,1236,2663,2416,528,4182,3665,3463,1930,4296,1404,7787,2920,1204,7126,904,1040,1713,1071,2887,12500,3968,149,2544,1987,1122,7448,894
11/20/2020,2463,460,4471,2061,13005,5765,2088,663,130,8831,3435,528,89,1786,13012,6808,4284,5939,3816,4743,165,2885,2288,10140,6794,1972,4614,1475,2381,1839,520,3626,2982,3447,1954,3688,1524,8808,0,1302,6808,1099,1050,2001,1328,3444,11815,4588,148,2348,2132,1081,7077,960
11/21/2020,2335,675,3638,1905,15442,6113,0,505,153,8175,6213,0,153,1070,11891,6872,3700,0,3702,0,237,2168,2991,7840,6252,779,9091,1249,1368,2019,484,4669,2342,4028,1778,3415,1143,7863,7088,1493,6778,1025,0,1857,1144,4355,12826,3395,88,2117,1717,1118,7029,281
11/22/2020,1798,543,4331,1352,14319,3921,0,487,190,6374,2328,0,120,819,10012,6174,2839,0,2192,3483,184,1658,2721,0,7205,699,0,1138,1032,2155,317,3968,2456,3461,5693,4514,714,8133,3543,1502,7075,741,0,1277,851,4589,8751,3197,83,3242,0,880,4019,759
11/23/2020,1574,498,2659,1017,8337,3689,5271,856,139,6114,1924,0,103,1437,8322,5556,2709,7526,2132,968,256,1667,1785,11943,6343,665,3370,701,1860,2339,444,3581,2252,4124,1893,2419,1004,11885,0,1163,4762,348,2572,1257,783,4074,6704,2244,85,2544,6277,636,3455,1262
11/24/2020,2785,584,4544,2122,15329,4150,540,0,119,8102,3676,0,56,1640,9469,5625,2894,0,2606,3243,227,2697,2225,6782,6416,1092,3764,1123,1761,2853,340,4275,2099,3153,1937,3100,1077,8604,0,1000,6669,177,851,1678,1010,1304,14392,2701,32,2718,3482,969,6748,528
11/25/2020,2453,670,3982,1965,18350,4191,1872,331,107,8126,3177,253,100,1773,11378,5983,3492,5738,3301,1235,0,2319,3224,4687,6387,1746,4131,1061,2394,3159,394,4042,1855,4349,2244,4212,964,10835,0,1170,6759,501,893,1675,1284,2118,15609,1781,81,2600,2887,967,5997,802
11/26/2020,2639,553,3476,2348,14640,6053,0,584,220,16809,3608,63,117,551,12022,6373,3188,0,0,0,238,2378,0,0,0,1005,4471,1117,2876,2542,0,4473,1694,4602,2639,0,790,0,0,1503,8425,1452,0,0,0,4404,12636,3829,79,1544,0,1130,5666,0
